{
  "accuracy": [
    0.5885000228881836,
    0.6262500286102295,
    0.659375011920929,
    0.6855000257492065,
    0.7053750157356262,
    0.734749972820282,
    0.7492499947547913,
    0.7645000219345093,
    0.7722499966621399,
    0.796625018119812,
    0.8115000128746033,
    0.8168749809265137,
    0.8212500214576721,
    0.8217499852180481,
    0.840749979019165,
    0.8410000205039978,
    0.846875011920929,
    0.8422499895095825,
    0.843999981880188,
    0.8512499928474426,
    0.8572499752044678,
    0.8532500267028809,
    0.8632500171661377,
    0.8579999804496765,
    0.8611249923706055
  ],
  "loss": [
    0.6908790469169617,
    0.6420242786407471,
    0.6140683889389038,
    0.590558648109436,
    0.568148672580719,
    0.528178870677948,
    0.5120092630386353,
    0.48565220832824707,
    0.47631409764289856,
    0.4348912835121155,
    0.4148561358451843,
    0.4062148928642273,
    0.39252346754074097,
    0.3875294625759125,
    0.3630944490432739,
    0.36144527792930603,
    0.3438584506511688,
    0.35279563069343567,
    0.3462772071361542,
    0.3400118947029114,
    0.33339014649391174,
    0.3313386142253876,
    0.3195115327835083,
    0.32035917043685913,
    0.31670549511909485
  ],
  "val_accuracy": [
    0.5109999775886536,
    0.5889999866485596,
    0.5199999809265137,
    0.5059999823570251,
    0.5299999713897705,
    0.7689999938011169,
    0.7599999904632568,
    0.6420000195503235,
    0.6690000295639038,
    0.7979999780654907,
    0.7990000247955322,
    0.7839999794960022,
    0.765999972820282,
    0.781000018119812,
    0.8429999947547913,
    0.8209999799728394,
    0.8149999976158142,
    0.8479999899864197,
    0.8500000238418579,
    0.8190000057220459,
    0.843999981880188,
    0.8429999947547913,
    0.8510000109672546,
    0.8370000123977661,
    0.8489999771118164
  ],
  "val_loss": [
    0.7340818047523499,
    0.7279611825942993,
    0.8235706090927124,
    2.1239280700683594,
    0.9282196164131165,
    0.4760684072971344,
    0.5143640041351318,
    1.058210015296936,
    0.8308749198913574,
    0.4648747146129608,
    0.4542742967605591,
    0.4932357370853424,
    0.5011023283004761,
    0.45735615491867065,
    0.35014376044273376,
    0.39228102564811707,
    0.4419185221195221,
    0.34937870502471924,
    0.3549679219722748,
    0.4131658375263214,
    0.3586350381374359,
    0.3306598961353302,
    0.3810553252696991,
    0.3950022757053375,
    0.3650733530521393
  ],
  "learning_rate": [
    0.0010000000474974513,
    0.0010000000474974513,
    0.0010000000474974513,
    0.0010000000474974513,
    0.0010000000474974513,
    0.0005000000237487257,
    0.0005000000237487257,
    0.0005000000237487257,
    0.0005000000237487257,
    0.0002500000118743628,
    0.0002500000118743628,
    0.0002500000118743628,
    0.0002500000118743628,
    0.0002500000118743628,
    0.0001250000059371814,
    0.0001250000059371814,
    0.0001250000059371814,
    0.0001250000059371814,
    0.0001250000059371814,
    0.0001250000059371814,
    0.0001250000059371814,
    6.25000029685907e-05,
    6.25000029685907e-05,
    6.25000029685907e-05,
    6.25000029685907e-05
  ]
}